{
  "normalization_params": {
    "mean": [
      -5.941316624946893,
      1.4731882444725892,
      7.371269412569698,
      0.9596581231445436,
      -0.20812103198341528,
      0.774678152604981,
      -5.879042540250237,
      -0.833070821413188,
      7.6090023747131115,
      -1.6148367976256497,
      -0.1314198544783342,
      -0.11359406449541985
    ],
    "std": [
      6.832057885492515,
      4.439054655391001,
      4.767759770511586,
      52.52334745668539,
      118.02651802746205,
      61.12728458387157,
      6.094186218604834,
      4.357038195757398,
      4.77132438999536,
      51.94960865793886,
      119.41588166017902,
      59.051865039355675
    ]
  },
  "detailed_stats": {
    "mean": [
      -5.941316624946893,
      1.4731882444725892,
      7.371269412569698,
      0.9596581231445436,
      -0.20812103198341528,
      0.774678152604981,
      -5.879042540250237,
      -0.833070821413188,
      7.6090023747131115,
      -1.6148367976256497,
      -0.1314198544783342,
      -0.11359406449541985
    ],
    "std": [
      6.832057885492515,
      4.439054655391001,
      4.767759770511586,
      52.52334745668539,
      118.02651802746205,
      61.12728458387157,
      6.094186218604834,
      4.357038195757398,
      4.77132438999536,
      51.94960865793886,
      119.41588166017902,
      59.051865039355675
    ],
    "var": [
      46.677014950719446,
      19.705206233547514,
      22.731533229307693,
      2758.702028055699,
      13930.258957686821,
      3736.544920597622,
      37.13910566703209,
      18.983781839287886,
      22.7655364345636,
      2698.761839712995,
      14260.15279267788,
      3487.1227646262764
    ],
    "total_samples": 2241976320,
    "processed_files": 1116,
    "skipped_files": 0
  },
  "processing_info": {
    "batch_size": 5120,
    "channels": 12,
    "description": "12 Channels sensor data normalization parameters"
  }
}