{
  "normalization_params": {
    "mean": [
      -6.2722947872501855,
      1.5059617832272523,
      7.4590692847418465,
      1.0648517653260965,
      -0.03272412793050655,
      1.2237552637302693,
      -6.223989229444385,
      -0.9192308833228072,
      7.634702352392213,
      -2.451860393158254,
      -0.16398840051664032,
      0.23191059841011846
    ],
    "std": [
      7.425972572661277,
      4.705176929018474,
      5.212679294031228,
      57.06733287585692,
      135.81484170582826,
      67.81958814878301,
      6.75897573055446,
      4.608280424046995,
      5.257504629500185,
      56.23470122638596,
      136.13802500281653,
      65.30349143825634
    ]
  },
  "detailed_stats": {
    "mean": [
      -6.2722947872501855,
      1.5059617832272523,
      7.4590692847418465,
      1.0648517653260965,
      -0.03272412793050655,
      1.2237552637302693,
      -6.223989229444385,
      -0.9192308833228072,
      7.634702352392213,
      -2.451860393158254,
      -0.16398840051664032,
      0.23191059841011846
    ],
    "std": [
      7.425972572661277,
      4.705176929018474,
      5.212679294031228,
      57.06733287585692,
      135.81484170582826,
      67.81958814878301,
      6.75897573055446,
      4.608280424046995,
      5.257504629500185,
      56.23470122638596,
      136.13802500281653,
      65.30349143825634
    ],
    "var": [
      55.145068649916546,
      22.138689933366724,
      27.17202542242091,
      3256.6804815638593,
      18445.671227579183,
      4599.496536670547,
      45.68375292622319,
      21.23624846665375,
      27.641354929214884,
      3162.3416220208937,
      18533.5618516675,
      4264.545994026419
    ],
    "total_samples": 602108928,
    "processed_files": 1116,
    "skipped_files": 0
  },
  "processing_info": {
    "batch_size": 5120,
    "channels": 12,
    "description": "Normalization parameters for the 12 sensor channels"
  }
}